USE hydrasense;

-- Limpar dados anteriores de teste para tornar o script reexecutável
DELETE FROM atleta_equipe WHERE atleta_id BETWEEN 100 AND 109;
DELETE FROM registro_de_sintoma WHERE sessao_id BETWEEN 1000 AND 1035;
DELETE FROM avaliacao_basal WHERE sessao_id BETWEEN 1000 AND 1035;
DELETE FROM sessao_de_treino WHERE id BETWEEN 1000 AND 1035;
DELETE FROM registro_de_hidratacao WHERE id BETWEEN 1000 AND 1050 OR atleta_id BETWEEN 100 AND 109;
DELETE FROM registro_do_peso WHERE id BETWEEN 1000 AND 1080;
DELETE FROM atleta WHERE id BETWEEN 100 AND 109;

-- 1. Inserir 10 atletas
-- senha 'dev', clube_id = 1, profissional_id = 1, ativado = 1
INSERT INTO atleta (id, nome, email, data_nascimento, peso_atual, altura, sexo, senha, clube_id, profissional_id, ativado, modalidade) VALUES
(100, 'Teste Atleta 01', 'atleta01@test.com', '2000-01-01', 70.0, 1.75, 'M', 'dev', 1, 1, 1, '["Futebol"]'),
(101, 'Teste Atleta 02', 'atleta02@test.com', '1998-05-12', 60.0, 1.65, 'F', 'dev', 1, 1, 1, '["Natação"]'),
(102, 'Teste Atleta 03', 'atleta03@test.com', '2001-08-20', 80.0, 1.80, 'M', 'dev', 1, 1, 1, '["Corrida"]'),
(103, 'Teste Atleta 04', 'atleta04@test.com', '1995-11-30', 75.0, 1.78, 'M', 'dev', 1, 1, 1, '["Musculação"]'),
(104, 'Teste Atleta 05', 'atleta05@test.com', '1999-03-15', 65.0, 1.70, 'F', 'dev', 1, 1, 1, '["Ciclismo"]'),
(105, 'Teste Atleta 06', 'atleta06@test.com', '1997-09-05', 72.0, 1.76, 'M', 'dev', 1, 1, 1, '["Futebol", "Natação"]'),
(106, 'Teste Atleta 07', 'atleta07@test.com', '2002-04-18', 85.0, 1.85, 'M', 'dev', 1, 1, 1, '["Futebol"]'),
(107, 'Teste Atleta 08', 'atleta08@test.com', '1996-07-22', 58.0, 1.62, 'F', 'dev', 1, 1, 1, '["Corrida"]'),
(108, 'Teste Atleta 09', 'atleta09@test.com', '2003-10-10', 90.0, 1.90, 'M', 'dev', 1, 1, 1, '["Musculação"]'),
(109, 'Teste Atleta 10', 'atleta10@test.com', '1994-12-25', 68.0, 1.72, 'F', 'dev', 1, 1, 1, '["Ciclismo"]');

-- Associar atletas à Equipe 1 (Alpha)
INSERT INTO atleta_equipe (equipe_id, atleta_id) VALUES
(1, 100), (1, 101), (1, 102), (1, 103), (1, 104), (1, 105), (1, 106), (1, 107), (1, 108), (1, 109);

-- 2. Criar Pesagens e Hidratações de hoje, ontem e anteontem

-- Registros de Peso para Sessão 1 (Hoje - 2026-06-15)
-- Atleta 100: Pre 70.0, Pos 68.2 (Balanço -1.8, Perda 2.57% -> CRÍTICO)
-- Atleta 101: Pre 60.0, Pos 59.5 (Balanço -0.5, Perda 0.83% -> ÓTIMO)
-- Atleta 102: Pre 80.0, Pos 78.5 (Balanço -1.5, Perda 1.88% -> ATENÇÃO)
-- Atleta 103: Pre 75.0, Pos 73.0 (Balanço -2.0, Perda 2.67% -> CRÍTICO)
-- Atleta 104: Pre 65.0, Pos 64.6 (Balanço -0.4, Perda 0.61% -> ÓTIMO)
-- Atleta 105: Pre 72.0, Pos 70.8 (Balanço -1.2, Perda 1.67% -> ATENÇÃO)
-- Atleta 106: Pre 85.0, Pos 84.5 (Balanço -0.5, Perda 0.59% -> ÓTIMO)
-- Atleta 107: Pre 58.0, Pos 56.5 (Balanço -1.5, Perda 2.59% -> CRÍTICO)
-- Atleta 108: Pre 90.0, Pos 88.0 (Balanço -2.0, Perda 2.22% -> CRÍTICO)
-- Atleta 109: Pre 68.0, Pos 67.0 (Balanço -1.0, Perda 1.47% -> ATENÇÃO)
INSERT INTO registro_do_peso (id, data_hora, peso, peso_kg) VALUES
(1000, '2026-06-15 08:00:00', 70.0, 70.0), (1001, '2026-06-15 09:30:00', 68.2, 68.2),
(1002, '2026-06-15 08:00:00', 60.0, 60.0), (1003, '2026-06-15 09:30:00', 59.5, 59.5),
(1004, '2026-06-15 08:00:00', 80.0, 80.0), (1005, '2026-06-15 09:30:00', 78.5, 78.5),
(1006, '2026-06-15 08:00:00', 75.0, 75.0), (1007, '2026-06-15 09:30:00', 73.0, 73.0),
(1008, '2026-06-15 08:00:00', 65.0, 65.0), (1009, '2026-06-15 09:30:00', 64.6, 64.6),
(1010, '2026-06-15 08:00:00', 72.0, 72.0), (1011, '2026-06-15 09:30:00', 70.8, 70.8),
(1012, '2026-06-15 08:00:00', 85.0, 85.0), (1013, '2026-06-15 09:30:00', 84.5, 84.5),
(1014, '2026-06-15 08:00:00', 58.0, 58.0), (1015, '2026-06-15 09:30:00', 56.5, 56.5),
(1016, '2026-06-15 08:00:00', 90.0, 90.0), (1017, '2026-06-15 09:30:00', 88.0, 88.0),
(1018, '2026-06-15 08:00:00', 68.0, 68.0), (1019, '2026-06-15 09:30:00', 67.0, 67.0);

-- Registros de Peso para Sessão 2 (Ontem - 2026-06-14)
INSERT INTO registro_do_peso (id, data_hora, peso, peso_kg) VALUES
(1020, '2026-06-14 09:00:00', 70.0, 70.0), (1021, '2026-06-14 10:00:00', 69.2, 69.2),
(1022, '2026-06-14 09:00:00', 60.0, 60.0), (1023, '2026-06-14 10:00:00', 59.2, 59.2),
(1024, '2026-06-14 09:00:00', 80.0, 80.0), (1025, '2026-06-14 10:00:00', 79.2, 79.2),
(1026, '2026-06-14 09:00:00', 75.0, 75.0), (1027, '2026-06-14 10:00:00', 74.2, 74.2),
(1028, '2026-06-14 09:00:00', 65.0, 65.0), (1029, '2026-06-14 10:00:00', 64.2, 64.2),
(1030, '2026-06-14 09:00:00', 72.0, 72.0), (1031, '2026-06-14 10:00:00', 71.2, 71.2),
(1032, '2026-06-14 09:00:00', 85.0, 85.0), (1033, '2026-06-14 10:00:00', 84.2, 84.2),
(1034, '2026-06-14 09:00:00', 58.0, 58.0), (1035, '2026-06-14 10:00:00', 57.2, 57.2),
(1036, '2026-06-14 09:00:00', 90.0, 90.0), (1037, '2026-06-14 10:00:00', 89.2, 89.2),
(1038, '2026-06-14 09:00:00', 68.0, 68.0), (1039, '2026-06-14 10:00:00', 67.2, 67.2);

-- Registros de Peso para Sessão 3 (Dois dias atrás - 2026-06-13)
INSERT INTO registro_do_peso (id, data_hora, peso, peso_kg) VALUES
(1040, '2026-06-13 16:00:00', 70.0, 70.0), (1041, '2026-06-13 18:00:00', 68.5, 68.5),
(1042, '2026-06-13 16:00:00', 60.0, 60.0), (1043, '2026-06-13 18:00:00', 58.5, 58.5),
(1044, '2026-06-13 16:00:00', 80.0, 80.0), (1045, '2026-06-13 18:00:00', 78.5, 78.5),
(1046, '2026-06-13 16:00:00', 75.0, 75.0), (1047, '2026-06-13 18:00:00', 73.5, 73.5),
(1048, '2026-06-13 16:00:00', 65.0, 65.0), (1049, '2026-06-13 18:00:00', 63.5, 63.5),
(1050, '2026-06-13 16:00:00', 72.0, 72.0), (1051, '2026-06-13 18:00:00', 70.5, 70.5),
(1052, '2026-06-13 16:00:00', 85.0, 85.0), (1053, '2026-06-13 18:00:00', 83.5, 83.5),
(1054, '2026-06-13 16:00:00', 58.0, 58.0), (1055, '2026-06-13 18:00:00', 56.5, 56.5),
(1056, '2026-06-13 16:00:00', 90.0, 90.0), (1057, '2026-06-13 18:00:00', 88.5, 88.5),
(1058, '2026-06-13 16:00:00', 68.0, 68.0), (1059, '2026-06-13 18:00:00', 66.5, 66.5);


-- Registros de Hidratação Diária (Hoje - 2026-06-15)
-- Atleta 100: 1500ml (50%)
-- Atleta 101: 2500ml (83%)
-- Atleta 102: 1000ml (33%)
-- Atleta 103: 3000ml (100%)
-- Atleta 104: 500ml (17%)
-- Atleta 105: 1200ml (40%)
-- Atleta 106: 1800ml (60%)
-- Atleta 107: 2000ml (67%)
-- Atleta 108: 200ml (7%)
-- Atleta 109: 1600ml (53%)
INSERT INTO registro_de_hidratacao (id, volume, tipo_fluido, data_hora, atleta_id) VALUES
(1000, 1500.0, 'Água', '2026-06-15 10:00:00', 100),
(1001, 2500.0, 'Água', '2026-06-15 10:00:00', 101),
(1002, 1000.0, 'Isotônico', '2026-06-15 10:00:00', 102),
(1003, 3000.0, 'Água', '2026-06-15 10:00:00', 103),
(1004, 500.0, 'Isotônico', '2026-06-15 10:00:00', 104),
(1005, 1200.0, 'Água', '2026-06-15 10:00:00', 105),
(1006, 1800.0, 'Água', '2026-06-15 10:00:00', 106),
(1007, 2000.0, 'Isotônico', '2026-06-15 10:00:00', 107),
(1008, 200.0, 'Água', '2026-06-15 10:00:00', 108),
(1009, 1600.0, 'Água', '2026-06-15 10:00:00', 109);

-- Registros de Hidratação Diária (Ontem - 2026-06-14)
INSERT INTO registro_de_hidratacao (id, volume, tipo_fluido, data_hora, atleta_id) VALUES
(1010, 1000.0, 'Água', '2026-06-14 10:00:00', 100),
(1011, 2000.0, 'Água', '2026-06-14 10:00:00', 101),
(1012, 800.0, 'Isotônico', '2026-06-14 10:00:00', 102),
(1013, 2200.0, 'Água', '2026-06-14 10:00:00', 103),
(1014, 500.0, 'Isotônico', '2026-06-14 10:00:00', 104),
(1015, 1000.0, 'Água', '2026-06-14 10:00:00', 105),
(1016, 1500.0, 'Água', '2026-06-14 10:00:00', 106),
(1017, 1800.0, 'Isotônico', '2026-06-14 10:00:00', 107),
(1018, 100.0, 'Água', '2026-06-14 10:00:00', 108),
(1019, 1200.0, 'Água', '2026-06-14 10:00:00', 109);


-- 3. Criar Sessões de Treino

-- Sessões de Treino 1 (Hoje - 2026-06-15)
-- Duração 90 mins (1.5h). Ingestão 500ml (0.5L).
INSERT INTO sessao_de_treino (id, data_hora_inicio, data_hora_fim, modalidade, intensidade_percebida, taxa_sudorese, balanco_hidrico, usou_equipamento, atleta_id, pesagem_pre_id, pesagem_pos_id) VALUES
(1000, '2026-06-15 08:00:00', '2026-06-15 09:30:00', 'Futebol', 'MÉDIA', 1.53, -1.8, 1, 100, 1000, 1001),
(1001, '2026-06-15 08:00:00', '2026-06-15 09:30:00', 'Natação', 'MÉDIA', 0.67, -0.5, 1, 101, 1002, 1003),
(1002, '2026-06-15 08:00:00', '2026-06-15 09:30:00', 'Corrida', 'MÉDIA', 1.33, -1.5, 1, 102, 1004, 1005),
(1003, '2026-06-15 08:00:00', '2026-06-15 09:30:00', 'Musculação', 'MÉDIA', 1.67, -2.0, 1, 103, 1006, 1007),
(1004, '2026-06-15 08:00:00', '2026-06-15 09:30:00', 'Ciclismo', 'MÉDIA', 0.60, -0.4, 1, 104, 1008, 1009),
(1005, '2026-06-15 08:00:00', '2026-06-15 09:30:00', 'Futebol', 'MÉDIA', 1.13, -1.2, 1, 105, 1010, 1011),
(1006, '2026-06-15 08:00:00', '2026-06-15 09:30:00', 'Futebol', 'MÉDIA', 0.67, -0.5, 1, 106, 1012, 1013),
(1007, '2026-06-15 08:00:00', '2026-06-15 09:30:00', 'Corrida', 'MÉDIA', 1.33, -1.5, 1, 107, 1014, 1015),
(1008, '2026-06-15 08:00:00', '2026-06-15 09:30:00', 'Musculação', 'MÉDIA', 1.67, -2.0, 1, 108, 1016, 1017),
(1009, '2026-06-15 08:00:00', '2026-06-15 09:30:00', 'Ciclismo', 'MÉDIA', 1.00, -1.0, 1, 109, 1018, 1019);

-- Sessões de Treino 2 (Ontem - 2026-06-14)
-- Duração 60 mins (1h). Ingestão 200ml (0.2L).
INSERT INTO sessao_de_treino (id, data_hora_inicio, data_hora_fim, modalidade, intensidade_percebida, taxa_sudorese, balanco_hidrico, usou_equipamento, atleta_id, pesagem_pre_id, pesagem_pos_id) VALUES
(1010, '2026-06-14 09:00:00', '2026-06-14 10:00:00', 'Futebol', 'MÉDIA', 1.0, -0.8, 1, 100, 1020, 1021),
(1011, '2026-06-14 09:00:00', '2026-06-14 10:00:00', 'Natação', 'MÉDIA', 1.0, -0.8, 1, 101, 1022, 1023),
(1012, '2026-06-14 09:00:00', '2026-06-14 10:00:00', 'Corrida', 'MÉDIA', 1.0, -0.8, 1, 102, 1024, 1025),
(1013, '2026-06-14 09:00:00', '2026-06-14 10:00:00', 'Musculação', 'MÉDIA', 1.0, -0.8, 1, 103, 1026, 1027),
(1014, '2026-06-14 09:00:00', '2026-06-14 10:00:00', 'Ciclismo', 'MÉDIA', 1.0, -0.8, 1, 104, 1028, 1029),
(1015, '2026-06-14 09:00:00', '2026-06-14 10:00:00', 'Futebol', 'MÉDIA', 1.0, -0.8, 1, 105, 1030, 1031),
(1016, '2026-06-14 09:00:00', '2026-06-14 10:00:00', 'Futebol', 'MÉDIA', 1.0, -0.8, 1, 106, 1032, 1033),
(1017, '2026-06-14 09:00:00', '2026-06-14 10:00:00', 'Corrida', 'MÉDIA', 1.0, -0.8, 1, 107, 1034, 1035),
(1018, '2026-06-14 09:00:00', '2026-06-14 10:00:00', 'Musculação', 'MÉDIA', 1.0, -0.8, 1, 108, 1036, 1037),
(1019, '2026-06-14 09:00:00', '2026-06-14 10:00:00', 'Ciclismo', 'MÉDIA', 1.0, -0.8, 1, 109, 1038, 1039);

-- Sessões de Treino 3 (Dois dias atrás - 2026-06-13)
-- Duração 120 mins (2h). Ingestão 300ml (0.3L).
INSERT INTO sessao_de_treino (id, data_hora_inicio, data_hora_fim, modalidade, intensidade_percebida, taxa_sudorese, balanco_hidrico, usou_equipamento, atleta_id, pesagem_pre_id, pesagem_pos_id) VALUES
(1020, '2026-06-13 16:00:00', '2026-06-13 18:00:00', 'Futebol', 'MÉDIA', 0.9, -1.5, 1, 100, 1040, 1041),
(1021, '2026-06-13 16:00:00', '2026-06-13 18:00:00', 'Natação', 'MÉDIA', 0.9, -1.5, 1, 101, 1042, 1043),
(1022, '2026-06-13 16:00:00', '2026-06-13 18:00:00', 'Corrida', 'MÉDIA', 0.9, -1.5, 1, 102, 1044, 1045),
(1023, '2026-06-13 16:00:00', '2026-06-13 18:00:00', 'Musculação', 'MÉDIA', 0.9, -1.5, 1, 103, 1046, 1047),
(1024, '2026-06-13 16:00:00', '2026-06-13 18:00:00', 'Ciclismo', 'MÉDIA', 0.9, -1.5, 1, 104, 1048, 1049),
(1025, '2026-06-13 16:00:00', '2026-06-13 18:00:00', 'Futebol', 'MÉDIA', 0.9, -1.5, 1, 105, 1050, 1051),
(1026, '2026-06-13 16:00:00', '2026-06-13 18:00:00', 'Futebol', 'MÉDIA', 0.9, -1.5, 1, 106, 1052, 1053),
(1027, '2026-06-13 16:00:00', '2026-06-13 18:00:00', 'Corrida', 'MÉDIA', 0.9, -1.5, 1, 107, 1054, 1055),
(1028, '2026-06-13 16:00:00', '2026-06-13 18:00:00', 'Musculação', 'MÉDIA', 0.9, -1.5, 1, 108, 1056, 1057),
(1029, '2026-06-13 16:00:00', '2026-06-13 18:00:00', 'Ciclismo', 'MÉDIA', 0.9, -1.5, 1, 109, 1058, 1059);
